Link of Listing,Home Type,City,Post At,Address,Status,Price,Broker Name
https://www.zillow.com/homedetails/1670-E-51st-St-Brooklyn-NY-11234/30764436_zpid/,SINGLE_FAMILY,Brooklyn,Open: Sun. 1:30am-3:30pm,"1670 E 51st St, Brooklyn, NY 11234",For Sale by Agent,"$799,900 ",RE/MAX Edge
https://www.zillow.com/homedetails/360-Hancock-St-Brooklyn-NY-11216/30610534_zpid/,MULTI_FAMILY,Brooklyn,Open: Sun. 12-1pm,"360 Hancock St, Brooklyn, NY 11216",For Sale by Agent,"$2,999,000 ",SERHANT.
https://www.zillow.com/homedetails/1757-Coleman-St-Brooklyn-NY-11234/30765122_zpid/,SINGLE_FAMILY,Brooklyn,Open: Sun. 1-3pm,"1757 Coleman St, Brooklyn, NY 11234",For Sale by Agent,"$959,000 ",Tracey Real Estate
https://www.zillow.com/homedetails/178-Garfield-Pl-Brooklyn-NY-11215/30583458_zpid/,MULTI_FAMILY,Brooklyn,Open: Sun. 11am-12:30pm,"178 Garfield Pl, Brooklyn, NY 11215",For Sale by Agent,"$5,995,000 ",Sotheby's International Realty
https://www.zillow.com/homedetails/112-Gain-Ct-Brooklyn-NY-11229/30794238_zpid/,SINGLE_FAMILY,Brooklyn,19 hours ago,"112 Gain Ct, Brooklyn, NY 11229",For Sale by Agent,"$645,000 ",Pullini Realty Corp.
https://www.zillow.com/homedetails/8618-26th-Ave-Brooklyn-NY-11214/30730069_zpid/,MULTI_FAMILY,Brooklyn,1 day on Zillow,"8618 26th Ave, Brooklyn, NY 11214",For Sale by Agent,"$1,520,000 ",Remax Real Estate Professionals
https://www.zillow.com/homedetails/2423-Brigham-St-Brooklyn-NY-11235/30748572_zpid/,MULTI_FAMILY,Brooklyn,20 hours ago,"2423 Brigham St, Brooklyn, NY 11235",For Sale by Agent,"$858,000 ",Remax Edge
https://www.zillow.com/homedetails/3098-Nostrand-Ave-Brooklyn-NY-11229/30727981_zpid/,SINGLE_FAMILY,Brooklyn,21 hours ago,"3098 Nostrand Ave, Brooklyn, NY 11229",For Sale by Agent,"$799,000 ",Momentum Real Estate LLC
https://www.zillow.com/homedetails/342-Thomas-S-Boyland-St-Brooklyn-NY-11233/79714966_zpid/,MULTI_FAMILY,Brooklyn,1 day on Zillow,"342 Thomas S Boyland St, Brooklyn, NY 11233",For Sale by Agent,"$1,249,000 ",Corcoran
https://www.zillow.com/homedetails/1161-E-38th-St-Brooklyn-NY-11210/30760385_zpid/,MULTI_FAMILY,Brooklyn,Open: Thu. 4-6pm,"1161 E 38th St, Brooklyn, NY 11210",For Sale by Agent,"$1,295,000 ",Keystone Realty USA Corp
https://www.zillow.com/homedetails/380-Saint-Johns-Pl-8-Brooklyn-NY-11238/2053347725_zpid/,MULTI_FAMILY,Brooklyn,21 hours ago,"380 Saint John's Pl. UNIT 8, Prospect Heights, NY 11238",For Sale by Agent,"$3,800,000 ",EXP Realty
https://www.zillow.com/homedetails/1302-Foster-Ave-Brooklyn-NY-11230/30669766_zpid/,MULTI_FAMILY,Brooklyn,Open: Sun. 12:30-2pm,"1302 Foster Ave, Brooklyn, NY 11230",For Sale by Agent,"$1,850,000 ",Compass
https://www.zillow.com/homedetails/24-Jerome-St-FLOOR-2-Brooklyn-NY-11207/2053275914_zpid/,MULTI_FAMILY,Brooklyn,Open: Sun. 2-3pm,"24 Jerome St FLOOR 2, Brooklyn, NY 11207",For Sale by Agent,"$1,188,000 ",My Home Advisors
https://www.zillow.com/homedetails/24-Brighton-3rd-Ln-Brooklyn-NY-11235/245038783_zpid/,SINGLE_FAMILY,Brooklyn,19 hours ago,"24 Brighton 3rd Ln, Brooklyn, NY 11235",For Sale by Agent,"$399,000 ",BHHS Fillmore R.E.
https://www.zillow.com/homedetails/4115-Hubbard-Pl-Brooklyn-NY-11210/30761650_zpid/,MULTI_FAMILY,Brooklyn,20 hours ago,"4115 Hubbard Pl, Brooklyn, NY 11210",For Sale by Agent,"$2,999,000 ",RE/MAX Edge
https://www.zillow.com/homedetails/1885-W-11th-St-Brooklyn-NY-11223/30722664_zpid/,MULTI_FAMILY,Brooklyn,1 hour ago,"1885 W 11th St, Brooklyn, NY 11223",For Sale by Agent,"$1,280,000 ",Robert Defalco Realty
https://www.zillow.com/homedetails/137-Dahlgren-Pl-Brooklyn-NY-11228/30701098_zpid/,SINGLE_FAMILY,Brooklyn,17 hours ago,"137 Dahlgren Pl, Brooklyn, NY 11228",For Sale by Agent,"$989,999 ",Pen Realty LLC
https://www.zillow.com/homedetails/499-E-29th-St-Brooklyn-NY-11210/30669723_zpid/,MULTI_FAMILY,Brooklyn,20 hours ago,"499 E 29th St, Brooklyn, NY 11210",RecentChange,"$729,900 ",BHHS Fillmore R.E.
https://www.zillow.com/homedetails/363-Amboy-St-Brooklyn-NY-11212/30632902_zpid/,MULTI_FAMILY,Brooklyn,21 hours ago,"363 Amboy St, Brooklyn, NY 11212",For Sale by Agent,"$1,395,000 ",Douglas Elliman
https://www.zillow.com/homedetails/73-Steuben-St-10FAM-Brooklyn-NY-11205/2059928139_zpid/,MULTI_FAMILY,Brooklyn,22 hours ago,"73 Steuben St #10FAM, Brooklyn, NY 11205",For Sale by Agent,"$3,600,000 ",Oxford Property Group
https://www.zillow.com/homedetails/11-Grant-Ave-Brooklyn-NY-11208/30641951_zpid/,MULTI_FAMILY,Brooklyn,22 hours ago,"11 Grant Avenue, Cypress Hills, NY 11208",For Sale by Agent,"$988,000 ",Winzone Realty Inc
https://www.zillow.com/homedetails/1315-E-64th-St-Brooklyn-NY-11234/30780623_zpid/,SINGLE_FAMILY,Brooklyn,21 hours ago,"1315 E 64th St, Brooklyn, NY 11234",For Sale by Agent,"$830,000 ",Century 21 Milestone Realty
https://www.zillow.com/homedetails/1845-Troy-Ave-Brooklyn-NY-11234/30760668_zpid/,MULTI_FAMILY,Brooklyn,19 hours ago,"1845 Troy Ave, Brooklyn, NY 11234",For Sale by Agent,"$815,000 ",Urban Pulse Realty LLC
https://www.zillow.com/homedetails/559-Saratoga-Ave-Brooklyn-NY-11212/30631597_zpid/,SINGLE_FAMILY,Brooklyn,20 hours ago,"559 Saratoga Avenue, Brownsville, NY 11212",For Sale by Agent,"$499,000 ",Century 21 Milestone Realty
https://www.zillow.com/homedetails/619-E-86th-St-Brooklyn-NY-11236/30768216_zpid/,MULTI_FAMILY,Brooklyn,23 hours ago,"619 E 86th St, Brooklyn, NY 11236",For Sale by Agent,"$1,299,500 ",Brooklyn Real Property Inc
https://www.zillow.com/homedetails/971-Ashford-St-Brooklyn-NY-11207/30648093_zpid/,MULTI_FAMILY,Brooklyn,Open: Sat. 11am-1pm,"971 Ashford Street, East New York, NY 11207",For Sale by Agent,"$850,000 ",1 Oak Real Estate Hub Inc
https://www.zillow.com/homedetails/2618-Avenue-D-Brooklyn-NY-11226/30669156_zpid/,MULTI_FAMILY,Brooklyn,1 day on Zillow,"2618 Avenue D, Flatbush, NY 11226",For Sale by Agent,"$1,200,000 ",Keller Williams Landmark II
https://www.zillow.com/homedetails/1941-Fulton-St-Brooklyn-NY-11233/30600779_zpid/,MULTI_FAMILY,Brooklyn,Video Walkthrough,"1941 Fulton Street, Stuyvesant Heights, NY 11233",For Sale by Agent,"$1,499,000 ",Century 21 AA Realty
https://www.zillow.com/homedetails/138-Stockholm-St-Brooklyn-NY-11221/83049497_zpid/,MULTI_FAMILY,Brooklyn,1 day on Zillow,"138 Stockholm Street, Bushwick, NY 11221",For Sale by Agent,"$1,649,000 ",Great Success Realty Inc
https://www.zillow.com/homedetails/835-Barbey-St-Brooklyn-NY-11207/30647696_zpid/,MULTI_FAMILY,Brooklyn,23 hours ago,"835 Barbey St, Brooklyn, NY 11207",For Sale by Agent,"$499,999 ",5 Boro Realty Corp
https://www.zillow.com/homedetails/8664-25th-Ave-Brooklyn-NY-11214/30729921_zpid/,MULTI_FAMILY,Brooklyn,2 hours ago,"8664 25th Ave, Brooklyn, NY 11214",For Sale by Agent,"$1,399,000 ",Weichert Realtors Evolution Gr
https://www.zillow.com/homedetails/78-Eldert-St-Brooklyn-NY-11207/30630078_zpid/,MULTI_FAMILY,Brooklyn,47 minutes ago,"78 Eldert St, Brooklyn, NY 11207",For Sale by Agent,"$1,480,000 ","Grandeur Realty, Inc."
https://www.zillow.com/homedetails/3623-Avenue-T-Brooklyn-NY-11234/30785815_zpid/,SINGLE_FAMILY,Brooklyn,1 hour ago,"3623 Avenue T, Brooklyn, NY 11234",For Sale by Agent,"$1,499,999 ",Douglas Elliman
https://www.zillow.com/homedetails/1248-E-38th-St-Brooklyn-NY-11210/143022138_zpid/,MULTI_FAMILY,Brooklyn,11 hours ago,"1248 E 38th St, Brooklyn, NY 11210",For Sale by Agent,"$850,000 ",J Dadd Realty LLC
https://www.zillow.com/homedetails/699-Lafayette-Ave-MF-Brooklyn-NY-11221/2053273810_zpid/,MULTI_FAMILY,Brooklyn,Open: Sun. 11am-1pm,"699 Lafayette Ave #MF, Brooklyn, NY 11221",For Sale by Agent,"$2,445,000 ",Massada Home Sales
https://www.zillow.com/homedetails/361-New-Jersey-Ave-Brooklyn-NY-11207/30634517_zpid/,MULTI_FAMILY,Brooklyn,17 hours ago,"361 New Jersey Avenue, East New York, NY 11207",For Sale by Agent,"$1,200,000 ",Winzone Realty Inc
https://www.zillow.com/homedetails/77-Vermont-St-Brooklyn-NY-11207/112498671_zpid/,LOT,Brooklyn,14 hours ago,"77 Vermont Street, East New York, NY 11207",For Sale by Agent,"$389,000 ",Douglas Elliman Real Estate
https://www.zillow.com/homedetails/23010-145th-Ave-Jamaica-NY-11413/32208850_zpid/,SINGLE_FAMILY,Queens,Open: Sat. 2-4pm,"230-10 145th Avenue, Springfield Gardens, NY 11413",Non Owner Occupied,"$699,900 ",NY Home Ventures
https://www.zillow.com/homedetails/423-Schorr-Dr-34D-College-Pt-NY-11356/2053347666_zpid/,TOWNHOUSE,Queens,Open: 1/20 1-3pm,"423 Schorr Drive UNIT 34D, College Point, NY 11356",For Sale by Agent,"$769,000 ",Sparrow REALTORS LLC
https://www.zillow.com/homedetails/Corona-NY-11368/2078838709_zpid/,MULTI_FAMILY,Queens,14 hours ago,"(undisclosed Address), Corona, NY 11368",For Sale by Agent,"$1,900,000 ",Dream Castle Realty
https://www.zillow.com/homedetails/538-Seagirt-Blvd-Far-Rockaway-NY-11691/32220616_zpid/,SINGLE_FAMILY,Queens,11 hours ago,"538 Seagirt Boulevard, Far Rockaway, NY 11691",For Sale by Agent,"$1,349,000 ",Five Towns Miller Realty Inc
https://www.zillow.com/homedetails/11939-226th-St-Jamaica-NY-11411/32197485_zpid/,SINGLE_FAMILY,Queens,1 hour ago,"119-39 226th Street, Cambria Heights, NY 11411",For Sale by Agent,"$950,000 ",Voro LLC
https://www.zillow.com/homedetails/3515-213th-St-Flushing-NY-11361/32061025_zpid/,SINGLE_FAMILY,Queens,Open: Sun. 3-4:30pm,"35-15 213th Street, Bayside, NY 11361",For Sale by Agent,"$1,380,000 ",Daniel Gale Sothebys Intl Rlty
https://www.zillow.com/homedetails/16201-87th-Rd-Jamaica-NY-11432/32131888_zpid/,MULTI_FAMILY,Queens,1 day on Zillow,"162-01 87th Road, Jamaica, NY 11432",For Sale by Agent,"$2,199,999 ",Sri Sri Realty
https://www.zillow.com/homedetails/35-18-172nd-St-Flushing-NY-11358/2056161645_zpid/,SINGLE_FAMILY,Queens,Open: Sat. 11am-12:30pm,"35-18 172nd St, Flushing, NY 11358",For Sale by Agent,"$999,000 ",Keller Williams Realty Gold Coast
https://www.zillow.com/homedetails/26236-60th-Ave-Flushing-NY-11362/32097942_zpid/,SINGLE_FAMILY,Queens,Open: Sun. 12-2pm,"26236 60th Ave, Flushing, NY 11362",For Sale by Agent,"$1,168,000 ",E Realty International Corp
https://www.zillow.com/homedetails/8958-212th-St-Jamaica-NY-11427/32147922_zpid/,SINGLE_FAMILY,Queens,18 hours ago,"89-58 212th Street, Queens Village, NY 11427",For Sale by Agent,"$762,500 ",Arjun Home Realty Corp
https://www.zillow.com/homedetails/5241-71st-St-Flushing-NY-11378/31984308_zpid/,TOWNHOUSE,Queens,Open: Sat. 11am-2pm,"52-41 71st Street, Flushing, NY 11378",For Sale by Agent,"$945,000 ",E Realty International Corp
https://www.zillow.com/homedetails/1441-Burton-St-Flushing-NY-11357/32029327_zpid/,SINGLE_FAMILY,Queens,10 hours ago,"1441 Burton St, Flushing, NY 11357",For Sale by Agent,"$1,390,888 ",Shares of New York Marketing LLC
https://www.zillow.com/homedetails/4334-172nd-St-Flushing-NY-11358/32048876_zpid/,SINGLE_FAMILY,Queens,19 hours ago,"43-34 172nd Street, Flushing, NY 11358",For Sale by Agent,"$1,228,000 ",Keller Williams Rlty Landmark
https://www.zillow.com/homedetails/229-12-145th-Ave-Springfield-Gardens-NY-11413/2062971833_zpid/,MULTI_FAMILY,Queens,Open: Sun. 12-1:30pm,"229-12 145th Avenue, Rosedale, NY 11413",For Sale by Agent,"$1,275,000 ",Do All Realty
https://www.zillow.com/homedetails/2355-143rd-St-Flushing-NY-11357/32024984_zpid/,SINGLE_FAMILY,Queens,Open: Sat. 10:30am-1pm,"23-55 143rd Street, Whitestone, NY 11357",For Sale by Agent,"$1,100,000 ",Compass Greater NY LLC
https://www.zillow.com/homedetails/Woodhaven-NY-11421/2061606070_zpid/,MULTI_FAMILY,Queens,1 day on Zillow,"(undisclosed Address), Woodhaven, NY 11421",For Sale by Agent,"$1,100,000 ",Douglas Elliman Real Estate
https://www.zillow.com/homedetails/8744-87th-St-Jamaica-NY-11421/32108274_zpid/,SINGLE_FAMILY,Queens,20 hours ago,"8744 87th St, Jamaica, NY 11421",For Sale by Agent,"$998,000 ",QUEENS CENTRAL REALTY DH LLC
https://www.zillow.com/homedetails/2204-Murray-St-Flushing-NY-11357/32031396_zpid/,SINGLE_FAMILY,Queens,Open: Sun. 1-3pm,"2204 Murray St, Flushing, NY 11357",For Sale by Agent,"$1,299,999 ",Daniel Gale Sotheby's International Realty
https://www.zillow.com/homedetails/16140-99th-St-Jamaica-NY-11414/32217669_zpid/,SINGLE_FAMILY,Queens,1 day on Zillow,"161-40 99th Street, Howard Beach, NY 11414",For Sale by Agent,"$888,000 ",Metro Net Realty LLC
https://www.zillow.com/homedetails/13330-77th-St-Jamaica-NY-11414/32167061_zpid/,SINGLE_FAMILY,Queens,19 hours ago,"133-30 77th Street, Howard Beach, NY 11414",For Sale by Agent,"$479,000 ",Winzone Realty Inc
https://www.zillow.com/homedetails/11439-126th-St-Jamaica-NY-11420/32173301_zpid/,MULTI_FAMILY,Queens,17 hours ago,"114-39 126th Street, South Ozone Park, NY 11420",For Sale by Agent,"$749,999 ",Prestige Homes NY Inc
https://www.zillow.com/homedetails/421-Beach-35th-St-Far-Rockaway-NY-11691/62742222_zpid/,MULTI_FAMILY,Queens,Open: Sat. 11am-1:30pm,"421 Beach 35th Street, Far Rockaway, NY 11691",For Sale by Agent,"$699,999 ",RE/MAX City Square
https://www.zillow.com/homedetails/9963-163rd-Rd-Jamaica-NY-11414/32218296_zpid/,SINGLE_FAMILY,Queens,17 hours ago,"9963 163rd Rd, Jamaica, NY 11414",For Sale by Agent,"$375,000 ",RE MAX Team
https://www.zillow.com/homedetails/95-11-70th-Ave-Forest-Hills-NY-11375/2061285784_zpid/,SINGLE_FAMILY,Queens,Open: Sat. 11am-2pm,"95-11 70th Ave, Forest Hills, NY 11375",For Sale by Agent,"$1,699,999 ",Keller Williams Realty Liberty
https://www.zillow.com/homedetails/38-19-27th-St-2-Long-Island-City-NY-11101/2078723502_zpid/,MULTI_FAMILY,Queens,19 hours ago,"38-19 27th St #2, Long Island City, NY 11101",For Sale by Agent,"$1,349,000 ",Amorelli Realty
https://www.zillow.com/homedetails/71-01-Penelope-Ave-Middle-Village-NY-11379/31995394_zpid/,SINGLE_FAMILY,Queens,Open: Sun. 2-4pm,"71-01 Penelope Ave, Middle Village, NY 11379",For Sale by Agent,"$768,000 ","Voro, LLC"
https://www.zillow.com/homedetails/23115-125th-Ave-Jamaica-NY-11413/32198556_zpid/,SINGLE_FAMILY,Queens,21 hours ago,"231-15 125 Street, Laurelton, NY 11413",For Sale by Agent,"$725,000 ",Chess Real Estate Services LLC
https://www.zillow.com/homedetails/5844-229th-St-Oakland-Gardens-NY-11364/32086052_zpid/,SINGLE_FAMILY,Queens,1 day on Zillow,"58-44 229th Street, Bayside, NY 11364",For Sale by Agent,"$899,900 ",Block & Lot Real Estate SVC
https://www.zillow.com/homedetails/22005-131st-Ave-Jamaica-NY-11413/32199308_zpid/,SINGLE_FAMILY,Queens,21 hours ago,"22005 131st Ave, Jamaica, NY 11413",For Sale by Agent,"$629,900 ",Empire Home Sales
https://www.zillow.com/homedetails/6514-48th-Ave-Flushing-NY-11377/55732034_zpid/,MULTI_FAMILY,Queens,Open: Mon. 12-2pm,"6514 48th Ave, Flushing, NY 11377",For Sale by Agent,"$1,350,000 ",Keller Williams Realty Gold Coast
https://www.zillow.com/homedetails/97-23-134th-Rd-Ozone-Park-NY-11417/2053353064_zpid/,MULTI_FAMILY,Queens,1 day on Zillow,"97-23 134th Road, Ozone Park, NY 11417",For Sale by Agent,"$789,000 ",Coldwell Banker Napolitano Rlt
https://www.zillow.com/homedetails/6040-75th-St-Flushing-NY-11379/31991084_zpid/,MULTI_FAMILY,Queens,19 hours ago,"6040 75th St, Flushing, NY 11379",For Sale by Agent,"$1,450,000 ",Crifasi Real Estate
https://www.zillow.com/homedetails/72-23-67th-St-Ridgewood-NY-11385/2056983002_zpid/,MULTI_FAMILY,Queens,18 hours ago,"72-23 67th St, Ridgewood, NY 11385",For Sale by Agent,"$1,295,000 ","Robert DeFalco Realty, Inc."
https://www.zillow.com/homedetails/2609-Seagirt-Ave-Far-Rockaway-NY-11691/79743073_zpid/,SINGLE_FAMILY,Queens,23 hours ago,"26-09 Seagirt Avenue, Far Rockaway, NY 11691",For Sale by Agent,"$589,000 ",INLUXXE Realty LLC
https://www.zillow.com/homedetails/116-46-128th-St-South-Ozone-Park-NY-11420/2062695339_zpid/,SINGLE_FAMILY,Queens,1 day on Zillow,"116-46 128th Street, South Ozone Park, NY 11420",For Sale by Agent,"$499,000 ",Apollo Point Realty LLC
https://www.zillow.com/homedetails/86-02-Sutter-Ave-Ozone-Park-NY-11417/2056691905_zpid/,SINGLE_FAMILY,Queens,20 hours ago,"86-02 Sutter Avenue, Ozone Park, NY 11417",For Sale by Agent,"$699,000 ",RE/MAX 2000
https://www.zillow.com/homedetails/1539-146th-Pl-Flushing-NY-11357/32029520_zpid/,SINGLE_FAMILY,Queens,Open: Sat. 1:30-3:30pm,"1539 146th Pl, Flushing, NY 11357",For Sale by Agent,"$1,120,000 ",Keller Williams Realty Gold Coast
https://www.zillow.com/homedetails/120-27-193rd-St-TAL-Saint-Albans-NY-11412/2053350366_zpid/,MULTI_FAMILY,Queens,21 hours ago,"120-27 193rd St #TAL, Saint Albans, NY 11412",For Sale by Agent,"$1,199,999 ",Empire Home Sales
https://www.zillow.com/homedetails/5923-Gates-Ave-Flushing-NY-11385/32009485_zpid/,MULTI_FAMILY,Queens,Open: Mon. 4:30-5:30pm,"5923 Gates Ave, Flushing, NY 11385",For Sale by Agent,"$1,450,000 ",Evergreen Realty & Investments
https://www.zillow.com/homedetails/16528-144th-Ave-Jamaica-NY-11434/32206725_zpid/,SINGLE_FAMILY,Queens,16 hours ago,"16528 144th Ave, Jamaica, NY 11434",For Sale by Agent,"$290,000 ",SOWAE CORP
https://www.zillow.com/homedetails/120-73-131st-St-South-Ozone-Park-NY-11420/2061157132_zpid/,SINGLE_FAMILY,Queens,1 day on Zillow,"120-73 131st Street, South Ozone Park, NY 11420",For Sale by Agent,"$850,000 ",Park Assets Real Estate Corp
https://www.zillow.com/homedetails/5-Dierauf-St-Staten-Island-NY-10312/32359013_zpid/,SINGLE_FAMILY,Staten Island,Open: Sat. 12-2pm,"5 Dierauf St, Staten Island, NY 10312",For Sale by Agent,"$1,049,000 ","Homes R Us Realty of NY, Inc."
https://www.zillow.com/homedetails/23-Randall-Ave-Staten-Island-NY-10301/32273925_zpid/,SINGLE_FAMILY,Staten Island,23 hours ago,"23 Randall Ave, Staten Island, NY 10301",For Sale by Agent,"$550,000 ","Sari Kingsley, Real Estate"
https://www.zillow.com/homedetails/131-Delmar-Ave-Staten-Island-NY-10312/32365462_zpid/,SINGLE_FAMILY,Staten Island,22 hours ago,"131 Delmar Ave, Staten Island, NY 10312",For Sale by Agent,"$875,000 ","Titan Home Realty, Inc."
https://www.zillow.com/homedetails/175-Overlook-Ave-Staten-Island-NY-10304/32294621_zpid/,SINGLE_FAMILY,Staten Island,22 hours ago,"175 Overlook Ave, Staten Island, NY 10304",For Sale by Agent,"$925,000 ",Connie Profaci Realty
https://www.zillow.com/homedetails/345-Waters-Ave-Staten-Island-NY-10302/32301883_zpid/,SINGLE_FAMILY,Staten Island,1 day on Zillow,"345 Waters Ave, Staten Island, NY 10302",New Construction,"$724,999 ",Thomas Gugliucci Real Estate
https://www.zillow.com/homedetails/81-Pacific-Ave-Staten-Island-NY-10312/32348542_zpid/,MULTI_FAMILY,Staten Island,23 hours ago,"81 Pacific Ave, Staten Island, NY 10312",For Sale by Agent,"$1,048,000 ",Re/Max Edge
https://www.zillow.com/homedetails/25-Sumner-Ave-Staten-Island-NY-10314/32303210_zpid/,SINGLE_FAMILY,Staten Island,20 hours ago,"25 Sumner Ave, Staten Island, NY 10314",For Sale by Agent,"$789,000 ",Hometime Estates LLC
https://www.zillow.com/homedetails/107-Redwood-Loop-Staten-Island-NY-10309/32371508_zpid/,TOWNHOUSE,Staten Island,2 hours ago,"107 Redwood Loop, Staten Island, NY 10309",For Sale by Agent,"$649,000 ",Prodigy Real Estate Inc.
https://www.zillow.com/homedetails/37-Blaine-Ct-Staten-Island-NY-10310/32279162_zpid/,SINGLE_FAMILY,Staten Island,Open: Sun. 3-5pm,"37 Blaine Ct, Staten Island, NY 10310",For Sale by Agent,"$619,999 ","Tom Crimmins Realty, Ltd."
https://www.zillow.com/homedetails/30-Duke-Pl-Staten-Island-NY-10314/32292635_zpid/,SINGLE_FAMILY,Staten Island,20 hours ago,"30 Duke Pl, Staten Island, NY 10314",For Sale by Agent,"$699,000 ",DiTommaso Real Estate
https://www.zillow.com/homedetails/56-Croak-Ave-Staten-Island-NY-10314/32288907_zpid/,SINGLE_FAMILY,Staten Island,Open: Sun. 2-4pm,"56 Croak Ave, Staten Island, NY 10314",For Sale by Agent,"$883,000 ",Winzone Realty Inc
https://www.zillow.com/homedetails/95-Amsterdam-Ave-Staten-Island-NY-10314/32310457_zpid/,SINGLE_FAMILY,Staten Island,1 day on Zillow,"95 Amsterdam Ave, Staten Island, NY 10314",For Sale by Agent,"$750,000 ",RE/MAX Elite
https://www.zillow.com/homedetails/537-Van-Duzer-St-Staten-Island-NY-10304/32285057_zpid/,TOWNHOUSE,Staten Island,19 hours ago,"537 Van Duzer St, Staten Island, NY 10304",For Sale by Agent,"$599,000 ",Keller Williams Realty Staten Island
https://www.zillow.com/homedetails/448-Neckar-Ave-Staten-Island-NY-10304/112109624_zpid/,SINGLE_FAMILY,Staten Island,23 hours ago,"448 Neckar Ave, Staten Island, NY 10304",For Sale by Agent,"$748,000 ",Ashford Homes
https://www.zillow.com/homedetails/448-2-Caswell-Ave-Staten-Island-NY-10314/2079198637_zpid/,TOWNHOUSE,Staten Island,1 day on Zillow,"448-2 Caswell Ave, Staten Island, NY 10314",For Sale by Agent,"$525,000 ","Robert DeFalco Realty, Inc."
https://www.zillow.com/homedetails/848-Rensselaer-Ave-Staten-Island-NY-10309/32369648_zpid/,TOWNHOUSE,Staten Island,Open: Sat. 1-3pm,"848 Rensselaer Ave, Staten Island, NY 10309",For Sale by Agent,"$619,999 ","Robert DeFalco Realty, Inc."
https://www.zillow.com/homedetails/236A-Steuben-St-Staten-Island-NY-10304/32319917_zpid/,SINGLE_FAMILY,Staten Island,18 hours ago,"236A Steuben St, Staten Island, NY 10304",For Sale by Agent,"$388,000 ",Coldwell Banker Reliable
https://www.zillow.com/homedetails/27-McCormick-Pl-Staten-Island-NY-10305/32324716_zpid/,TOWNHOUSE,Staten Island,1 day on Zillow,"27 McCormick Pl, Staten Island, NY 10305",For Sale by Agent,"$599,000 ","Neuhaus Realty, Inc."
https://www.zillow.com/homedetails/7126-Amboy-Rd-Staten-Island-NY-10307/32374924_zpid/,SINGLE_FAMILY,Staten Island,22 hours ago,"7126 Amboy Rd, Staten Island, NY 10307",For Sale by Agent,"$925,000 ",Wolf Properties Inc
https://www.zillow.com/homedetails/118-E-Macon-Ave-Staten-Island-NY-10308/32354474_zpid/,SINGLE_FAMILY,Staten Island,Open: Sun. 1-3pm,"118 E Macon Ave, Staten Island, NY 10308",For Sale by Agent,"$629,000 ",Coldwell Banker Advantage
https://www.zillow.com/homedetails/577-Ilyssa-Way-Staten-Island-NY-10312/32360486_zpid/,TOWNHOUSE,Staten Island,1 hour ago,"577 Ilyssa Way, Staten Island, NY 10312",For Sale by Agent,"$492,000 ","Homes R Us Realty of NY, Inc."
https://www.zillow.com/homedetails/118-Lortel-Ave-Staten-Island-NY-10314/32288727_zpid/,SINGLE_FAMILY,Staten Island,1 hour ago,"118 Lortel Ave, Staten Island, NY 10314",For Sale by Agent,"$519,000 ","Robert DeFalco Realty, Inc."
https://www.zillow.com/homedetails/Arthur-Kill-Rd-Staten-Island-NY-10309/68316931_zpid/,LOT,Staten Island,23 hours ago," Arthur Kill Rd, Staten Island, NY 10309",For Sale by Agent,"$5,000,000 ",Prime Realty
https://www.zillow.com/homedetails/173-Livermore-Ave-Staten-Island-NY-10314/32282662_zpid/,SINGLE_FAMILY,Staten Island,15 hours ago,"173 Livermore Ave, Staten Island, NY 10314",For Sale by Agent,"$699,000 ","Tom Crimmins Realty, Ltd."
https://www.zillow.com/homedetails/469-Hoyt-Ave-Staten-Island-NY-10301/32274201_zpid/,MULTI_FAMILY,Staten Island,13 minutes ago,"469 Hoyt Ave, Staten Island, NY 10301",For Sale by Agent,"$778,000 ",RE/MAX Edge
https://www.zillow.com/homedetails/32-Renfrew-Pl-Staten-Island-NY-10303/32298530_zpid/,SINGLE_FAMILY,Staten Island,13 hours ago,"32 Renfrew Pl, Staten Island, NY 10303",For Sale by Agent,"$599,000 ",Homesite Realty Inc.
https://www.zillow.com/homedetails/1931-Narragansett-Ave-Bronx-NY-10461/29818006_zpid/,SINGLE_FAMILY,Bronx,20 hours ago,"1931 Narragansett Avenue, Bronx, NY 10461",For Sale by Agent,"$699,000 ",Berkshire Hathaway HS NY Prop
https://www.zillow.com/homedetails/662-Clarence-Ave-Bronx-NY-10465/29846469_zpid/,SINGLE_FAMILY,Bronx,Open: 1/20 1-3pm,"662 Clarence Avenue, Bronx, NY 10465",For Sale by Agent,"$625,000 ",Exp Realty
https://www.zillow.com/homedetails/1631-Radcliff-Ave-Bronx-NY-10462/29814121_zpid/,SINGLE_FAMILY,Bronx,1 day on Zillow,"1631 Radcliff Avenue, Bronx, NY 10462",For Sale by Agent,"$750,000 ",Link NY Realty
https://www.zillow.com/homedetails/3001-Netherland-Ave-Bronx-NY-10463/29851689_zpid/,SINGLE_FAMILY,Bronx,22 hours ago,"3001 Netherland Ave, Bronx, NY 10463",For Sale by Agent,"$1,590,000 ",Trebach Realty
https://www.zillow.com/homedetails/4819-Murdock-Ave-Bronx-NY-10470/112500769_zpid/,MULTI_FAMILY,Bronx,Open: Sat. 1-4pm,"4819 Murdock Avenue, Bronx, NY 10470",For Sale by Agent,"$849,000 ",US ONE BROKERAGE
https://www.zillow.com/homedetails/1851-Edison-Ave-Bronx-NY-10461/142663030_zpid/,MULTI_FAMILY,Bronx,20 hours ago,"1851 Edison Avenue, Bronx, NY 10461",For Sale by Agent,"$999,000 ",Han Tang Realty Inc.
https://www.zillow.com/homedetails/1847-Edison-Ave-Bronx-NY-10461/29816043_zpid/,MULTI_FAMILY,Bronx,20 hours ago,"1847 Edison Avenue, Bronx, NY 10461",For Sale by Agent,"$999,000 ",Han Tang Realty Inc.
https://www.zillow.com/homedetails/814-Faile-St-Bronx-NY-10474/82786907_zpid/,MULTI_FAMILY,Bronx,1 hour ago,"814 Faile Street, Bronx, NY 10474",For Sale by Agent,"$800,000 ",Lettre Realty Inc
https://www.zillow.com/homedetails/816-Faile-St-Bronx-NY-10474/83178018_zpid/,MULTI_FAMILY,Bronx,2 hours ago,"816 Faile Street, Bronx, NY 10474",For Sale by Agent,"$800,000 ",Lettre Realty Inc
https://www.zillow.com/homedetails/1346-Plimpton-Ave-Bronx-NY-10452/29778474_zpid/,MULTI_FAMILY,Bronx,18 hours ago,"1346 Plimton Avenue, Bronx, NY 10452",For Sale by Agent,"$470,000 ","Prime Realty Group, Inc."
https://www.zillow.com/homedetails/6000-Palisade-Ave-Bronx-NY-10463/2053350376_zpid/,LOT,Bronx,21 hours ago,"6000 Palisade Avenue, Bronx, NY 10463",For Sale by Agent,"$799,900 ",RE/MAX In The City
https://www.zillow.com/homedetails/123-Father-Zeiser-Pl-Bronx-NY-10468/29786518_zpid/,SINGLE_FAMILY,Bronx,13 hours ago,"123 Father Zeiser Place, Bronx, NY 10468",For Sale by Agent,"$650,000 ",Vanguard Realty
https://www.zillow.com/homedetails/730-E-218th-St-Bronx-NY-10467/79712329_zpid/,MULTI_FAMILY,Bronx,12 hours ago,"730 E 218th Street, Bronx, NY 10467",For Sale by Agent,"$960,000 ",B Square Realty
https://www.zillow.com/homedetails/2535-Hollers-Ave-Bronx-NY-10475/29851490_zpid/,MULTI_FAMILY,Bronx,13 hours ago,"2535 Hollers Avenue, Bronx, NY 10475",For Sale by Agent,"$825,000 ","Charles Rutenberg Realty, Inc."
https://www.zillow.com/homedetails/256-W-75th-St-New-York-NY-10023/2076659649_zpid/,SINGLE_FAMILY,Manhattan,Open: Thu. 12-1pm,"256 W 75th St, New York, NY 10023",For Sale by Agent,"$10,960,000 ",A & I Broadway
https://www.zillow.com/community/one-wall-street/2061571630_zpid/,SINGLE_FAMILY,Manhattan,Open: M: 10:00 AM-6:00 ...,"Residence 2209 Plan, One Wall Street",New Construction Spec,"$2,760,000+",One Wall Street
https://www.zillow.com/homedetails/26-8th-St-Carle-Place-NY-11514/31117765_zpid/,SINGLE_FAMILY,Nassau County,Open: Sun. 2-4pm,"26 8th Street, Carle Place, NY 11514",For Sale by Agent,"$899,000 ",Daniel Gale Sothebys Intl Rlty
https://www.zillow.com/homedetails/52-Choir-Ln-Westbury-NY-11590/31277596_zpid/,SINGLE_FAMILY,Nassau County,1 day on Zillow,"52 Choir Lane, Westbury, NY 11590",For Sale by Agent,"$625,000 ",Douglas Elliman Real Estate
https://www.zillow.com/homedetails/122-Walnut-St-Long-Beach-NY-11561/31403016_zpid/,MULTI_FAMILY,Nassau County,1 day on Zillow,"122 Walnut St, Long Beach, NY 11561",For Sale by Agent,"$975,000 ","Royal York Realty, Inc."
https://www.zillow.com/homedetails/48-Smith-St-Glen-Head-NY-11545/31149355_zpid/,SINGLE_FAMILY,Nassau County,Open: Sun. 12-2pm,"48 Smith Street, Glen Head, NY 11545",For Sale by Agent,"$999,000 ",B Square Realty Inc
https://www.zillow.com/homedetails/46-Berkshire-Rd-Great-Neck-NY-11023/31062783_zpid/,SINGLE_FAMILY,Nassau County,Open: Sun. 11am-1pm,"46 Berkshire Road, Great Neck, NY 11023",For Sale by Agent,"$1,998,888 ",Royal House Realty Inc
https://www.zillow.com/homedetails/2506-Hysler-St-East-Meadow-NY-11554/31333048_zpid/,SINGLE_FAMILY,Nassau County,Open: Sat. 1-3pm,"2506' Hysler Street, East Meadow, NY 11554",For Sale by Agent,"$1,399,999 ",NextGen Real Estate LLC
https://www.zillow.com/homedetails/877-Beckman-Dr-Bellmore-NY-11710/31345944_zpid/,SINGLE_FAMILY,Nassau County,1 day on Zillow,"877 Beckman Drive, North Bellmore, NY 11710",For Sale by Agent,"$769,999 ",Realty Advisors Inc
https://www.zillow.com/homedetails/33-Portico-Pl-33-Great-Neck-NY-11021/2053352020_zpid/,TOWNHOUSE,Nassau County,Open: Sun. 11am-12:30pm,"33 Portico Place UNIT 33, Great Neck, NY 11021",For Sale by Agent,"$1,950,000 ",S Sharf Realty Inc
https://www.zillow.com/homedetails/48-Endview-Ave-Lynbrook-NY-11563/167762613_zpid/,SINGLE_FAMILY,Nassau County,Open: Sat. 1-2:30pm,"48 Endview Avenue, Lynbrook, NY 11563",For Sale by Agent,"$969,000 ",Douglas Elliman Real Estate
https://www.zillow.com/homedetails/162-E-Argyle-St-Valley-Stream-NY-11580/31227219_zpid/,SINGLE_FAMILY,Nassau County,Open: Sun. 1:30-3pm,"162 E Argyle Street, Valley Stream, NY 11580",For Sale by Agent,"$789,000 ",East Coast REALTORS  Inc
https://www.zillow.com/homedetails/13-Marlon-Ave-Bethpage-NY-11714/31318467_zpid/,SINGLE_FAMILY,Nassau County,Open: Thu. 5:30-7pm,"13 Marlon Avenue, Bethpage, NY 11714",For Sale by Agent,"$665,000 ",Signature Premier Properties
https://www.zillow.com/homedetails/1-Newkirk-Ave-East-Rockaway-NY-11518/31268234_zpid/,SINGLE_FAMILY,Nassau County,Open: Sat. 1-2:30pm,"1 Newkirk Avenue, East Rockaway, NY 11518",For Sale by Agent,"$936,000 ",Douglas Elliman Real Estate
https://www.zillow.com/homedetails/42-Huron-Rd-Floral-Park-NY-11001/31171466_zpid/,SINGLE_FAMILY,Nassau County,Open: Sun. 1-3pm,"42 Huron Road, Bellerose Village, NY 11001",For Sale by Agent,"$995,000 ",Realty Connect USA LLC
https://www.zillow.com/homedetails/64-5th-Ave-East-Rockaway-NY-11518/31266192_zpid/,SINGLE_FAMILY,Nassau County,Open: Sat. 11:30am-1pm,"64 5th Avenue, East Rockaway, NY 11518",For Sale by Agent,"$575,000 ",Keller Williams Realty Greater
https://www.zillow.com/homedetails/67-S-Covert-Ave-Elmont-NY-11003/31180226_zpid/,SINGLE_FAMILY,Nassau County,21 hours ago,"67 S Covert Avenue, Elmont, NY 11003",For Sale by Agent,"$550,000 ",Keller Williams Rlty Landmark
https://www.zillow.com/homedetails/33-Mason-St-Hempstead-NY-11550/31193594_zpid/,SINGLE_FAMILY,Nassau County,1 day on Zillow,"33 Mason Street, Hempstead, NY 11550",For Sale by Agent,"$699,000 ",Blackstone Realty
https://www.zillow.com/homedetails/1082-Olympia-Rd-Bellmore-NY-11710/31340802_zpid/,SINGLE_FAMILY,Nassau County,Open: Sun. 1-3pm,"1082 Olympia Road, North Bellmore, NY 11710",For Sale by Agent,"$818,800 ",All Island Estates Realty Corp
https://www.zillow.com/homedetails/122-Vincent-Rd-Hicksville-NY-11801/31126880_zpid/,SINGLE_FAMILY,Nassau County,Open: Sat. 12-2pm,"122 Vincent Road, Hicksville, NY 11801",For Sale by Agent,"$658,000 ",Winzone Realty Inc
https://www.zillow.com/homedetails/34-Magnolia-Ln-Jericho-NY-11753/31135041_zpid/,SINGLE_FAMILY,Nassau County,Open: Sun. 1:30-3:30pm,"34 Magnolia Ln, Jericho, NY 11753",For Sale by Agent,"$1,090,000 ",Voro LLC
https://www.zillow.com/homedetails/3641-Bertha-Dr-Baldwin-NY-11510/31371986_zpid/,SINGLE_FAMILY,Nassau County,1 day on Zillow,"3641 Bertha Drive, Baldwin, NY 11510",For Sale by Agent,"$749,990 ",Coldwell Banker American Homes
https://www.zillow.com/homedetails/315-Wynsum-Ave-Merrick-NY-11566/31417664_zpid/,SINGLE_FAMILY,Nassau County,1 day on Zillow,"315 Wynsum Avenue, Merrick, NY 11566",For Sale by Agent,"$899,990 ",Compass Greater NY LLC
https://www.zillow.com/homedetails/495-S-Oyster-Bay-Rd-Plainview-NY-11803/31125537_zpid/,SINGLE_FAMILY,Nassau County,1 day on Zillow,"495 S Oyster Bay Road, Plainview, NY 11803",For Sale by Agent,"$779,000 ",Compass Greater NY LLC
https://www.zillow.com/homedetails/55-A-Connecticut-Ave-Massapequa-NY-11758/2053351545_zpid/,SINGLE_FAMILY,Nassau County,22 hours ago,"55 A Connecticut Avenue, Massapequa, NY 11758",New Construction,"$1,550,000 ",EXIT Realty Premier
https://www.zillow.com/homedetails/8-Harmony-Ln-Westbury-NY-11590/31286514_zpid/,SINGLE_FAMILY,Nassau County,19 hours ago,"8 Harmony Lane, Westbury, NY 11590",For Sale by Agent,"$799,000 ",Prospes Real Estate Corp
https://www.zillow.com/homedetails/182-Hungry-Harbor-Rd-Valley-Stream-NY-11581/31258171_zpid/,SINGLE_FAMILY,Nassau County,4 hours ago,"182 Hungry Harbor Road, Valley Stream, NY 11581",For Sale by Agent,"$489,000 ",Coldwell Banker American Homes
https://www.zillow.com/homedetails/Baldwin-NY-11510/31371859_zpid/,SINGLE_FAMILY,Nassau County,1 day on Zillow,"(undisclosed Address), Baldwin, NY 11510",For Sale by Agent,"$1,075,000 ",Douglas Elliman Real Estate
https://www.zillow.com/homedetails/9-Frederick-Ave-Roosevelt-NY-11575/31380304_zpid/,SINGLE_FAMILY,Nassau County,Open: Sun. 12-2pm,"9 Frederick Avenue, Roosevelt, NY 11575",For Sale by Agent,"$679,000 ",Legacy Estate Realty
https://www.zillow.com/homedetails/28-Hope-St-Hempstead-NY-11550/31200688_zpid/,SINGLE_FAMILY,Nassau County,20 hours ago,"28 Hope Street, Hempstead, NY 11550",For Sale by Agent,"$650,000 ",RE/MAX Reliance
https://www.zillow.com/homedetails/2864-Wilson-Ave-Bellmore-NY-11710/31387570_zpid/,SINGLE_FAMILY,Nassau County,Open: Sat. 12-1:30pm,"2864 Wilson Avenue, Bellmore, NY 11710",For Sale by Agent,"$725,000 ",EXP Realty
https://www.zillow.com/homedetails/1-Somerset-Dr-S-Great-Neck-NY-11020/2069285271_zpid/,SINGLE_FAMILY,Nassau County,4 hours ago,"1 S Somerset Drive, Great Neck, NY 11020",For Sale by Agent,"$5,750,000 ",Daniel Gale Sothebys Intl Rlty
https://www.zillow.com/homedetails/22-Imogene-Dr-Massapequa-NY-11758/31353996_zpid/,SINGLE_FAMILY,Nassau County,"$51,000 (Jan 10)","22 Imogene Drive, Massapequa, NY 11758",For Sale by Agent,"$1,149,000 ",Premium Properties Inc
https://www.zillow.com/homedetails/311-N-Linden-St-Massapequa-NY-11758/31348353_zpid/,SINGLE_FAMILY,Nassau County,4 hours ago,"311 N Linden Street, Massapequa, NY 11758",For Sale by Agent,"$899,000 ",Jamie Realty Group
https://www.zillow.com/homedetails/2386-Beverly-Rd-Wantagh-NY-11793/31418919_zpid/,SINGLE_FAMILY,Nassau County,2 hours ago,"2386 Beverly Road, Wantagh, NY 11793",For Sale by Agent,"$699,000 ",Madison Homes Realty Inc
https://www.zillow.com/homedetails/32-Lattingtown-Rd-Locust-Valley-NY-11560/2076516278_zpid/,LOT,Nassau County,22 hours ago,"Lot #32 Lattingtown Road, Lattingtown, NY 11560",For Sale by Agent,"$1,150,000 ",Douglas Elliman Real Estate
https://www.zillow.com/homedetails/400-Lattingtown-Rd-Locust-Valley-NY-11560/2053349911_zpid/,LOT,Nassau County,21 hours ago,"400 Lattingtown Rd, Locust Valley, NY 11560",For Sale by Agent,"$5,500,000 ",HIGHCAP GROUP LLC
https://www.zillow.com/homedetails/389-Roslyn-Pl-East-Meadow-NY-11554/251413677_zpid/,SINGLE_FAMILY,Nassau County,Open: Sat. 1-3pm,"389 Roslyn Place, East Meadow, NY 11554",New Construction,"$1,099,999 ",Realty Connect USA LLC
https://www.zillow.com/homedetails/2380-Dobson-Ave-Merrick-NY-11566/31375553_zpid/,SINGLE_FAMILY,Nassau County,16 hours ago,"2380 Dobson Avenue, Merrick, NY 11566",For Sale by Agent,"$699,990 ",RE/MAX Reliance
https://www.zillow.com/homedetails/56-Mason-St-Hempstead-NY-11550/31193611_zpid/,SINGLE_FAMILY,Nassau County,Open: Sat. 1-3pm,"56 Mason Street, Hempstead, NY 11550",For Sale by Agent,"$649,000 ",Voro LLC
https://www.zillow.com/homedetails/198-N-2nd-St-Bethpage-NY-11714/31291337_zpid/,SINGLE_FAMILY,Nassau County,16 hours ago,"198 N 2nd Street, Bethpage, NY 11714",Non Owner Occupied,"$593,600 ",REALHome Services & Solutions
https://www.zillow.com/homedetails/89-Wentworth-Ave-Albertson-NY-11507/31102623_zpid/,SINGLE_FAMILY,Nassau County,Open: Thu. 4-6pm,"89 Wentworth Avenue, Albertson, NY 11507",For Sale by Agent,"$1,269,000 ",Glen Oaks Realty
